Call ID,Call Type ID,Call Timestamp,Emp ID,Abandoned Call,Answer Speed SECS (AVG),Talk Duration SECS (AVG),Waiting Time SECS (AVG)
1,1,2022-02-03,T244,0,17,134,165
2,1,2022-02-04,Y857,0,20,142,415
3,3,2022-02-05,U834,0,18,158,230
4,1,2022-02-06,T857,1,15,149,192
5,3,2022-02-07,Y847,0,3,126,35
6,2,2022-02-08,Y983,0,18,95,157
7,2,2022-02-09,U109,1,13,110,122
8,3,2022-02-10,T609,1,10,130,202
9,1,2022-02-11,T095,0,15,138,372
10,3,2022-02-12,T095,1,19,100,209
11,1,2022-02-13,T609,0,12,130,166
12,1,2022-02-14,T244,0,2,123,3
13,1,2022-02-15,U789,1,8,109,138
14,2,2022-02-16,Y092,1,7,112,168
15,3,2022-02-17,U345,0,13,111,220
16,3,2022-02-18,T244,0,13,138,206
17,1,2022-02-19,U109,0,20,124,293
18,2,2022-02-20,T980,1,10,123,165
19,3,2022-02-21,Y784,0,2,124,55
20,2,2022-02-22,U092,1,26,163,388
21,3,2022-02-23,T999,1,15,136,279
22,3,2022-02-24,U092,0,10,129,220
23,2,2022-02-25,U486,0,15,145,189
24,2,2022-02-26,U834,1,10,147,216
25,3,2022-02-27,U546,1,18,146,278
26,1,2022-02-28,Y099,1,4,146,58
27,2,2022-03-01,Y847,0,10,143,165
28,2,2022-03-02,Y847,0,32,163,280
29,1,2022-03-03,U345,0,23,151,345
30,2,2022-03-04,T244,1,26,136,335
31,1,2022-03-05,T244,0,14,139,175
32,2,2022-03-06,T999,1,15,140,283
33,2,2022-03-07,U092,1,6,123,110
34,1,2022-03-08,T244,1,13,137,203
35,3,2022-03-09,Y099,0,24,144,199
36,2,2022-03-10,T367,1,15,136,293
37,1,2022-03-11,Y983,0,32,157,484
38,2,2022-03-12,T095,0,16,142,122
39,1,2022-03-13,U345,0,15,164,235
40,2,2022-03-14,Y674,0,9,136,52
41,2,2022-03-15,U533,0,20,131,190
42,2,2022-03-16,T367,0,16,146,587
43,1,2022-03-17,Y784,1,10,128,70
44,2,2022-03-18,T562,1,11,144,277
45,1,2022-03-19,Y857,0,7,138,71
46,2,2022-03-20,U789,1,8,151,73
47,1,2022-03-21,Y857,0,12,142,130
48,3,2022-03-22,U789,1,5,133,74
49,2,2022-03-23,Y784,0,5,139,58
50,1,2022-03-24,U466,0,5,134,58
51,1,2022-03-25,U546,1,3,146,55
52,2,2022-03-26,T562,0,5,144,133
53,3,2022-03-27,Y341,1,15,134,111
54,3,2022-03-28,Y674,0,6,142,52
55,1,2022-03-29,U092,0,14,136,113
56,2,2022-03-30,U345,0,12,144,117
57,3,2022-03-31,T244,1,26,136,187
58,3,2022-04-01,Y674,0,9,145,140
59,3,2022-04-02,T367,0,17,137,153
60,2,2022-04-03,T562,1,18,147,249
61,1,2022-04-04,Y099,0,7,107,220
62,2,2022-04-05,Y983,1,10,138,169
63,3,2022-04-06,Y099,1,8,125,77
64,3,2022-04-07,T609,1,7,115,110
65,1,2022-04-08,Y092,0,9,129,66
66,2,2022-04-09,U834,0,8,139,66
67,3,2022-04-10,Y857,1,8,141,113
68,3,2022-04-11,Y847,0,11,135,110
69,2,2022-04-12,U092,1,10,147,150
70,1,2022-04-13,U834,1,13,143,118
71,3,2022-04-14,Y847,0,12,133,275
72,3,2022-04-15,T980,0,9,135,58
73,1,2022-04-16,Y674,0,12,153,273
74,1,2022-04-17,T999,1,9,144,53
75,2,2022-04-18,U486,1,13,131,59
76,3,2022-04-19,T857,1,9,149,165
77,3,2022-04-20,T244,1,13,135,106
78,1,2022-04-21,U109,0,10,114,77
79,2,2022-04-22,Y857,1,3,133,26
80,2,2022-04-23,U109,0,12,121,76
81,1,2022-04-24,Y857,0,7,123,76
82,1,2022-04-25,T980,1,8,111,96
83,3,2022-04-26,T857,0,5,120,99
84,2,2022-04-27,T367,1,20,128,272
85,1,2022-04-28,Y674,0,23,126,135
86,1,2022-04-29,T244,0,17,117,147
87,1,2022-04-30,T999,0,12,113,125
88,3,2022-05-01,Y092,0,17,115,121
89,3,2022-05-02,T609,1,16,114,91
90,2,2022-05-03,T980,1,4,120,221
91,1,2022-05-04,U546,1,11,128,94
92,3,2022-05-05,T244,1,5,159,20
93,3,2022-05-06,T562,0,9,114,70
94,1,2022-05-07,Y983,1,11,117,94
95,1,2022-05-08,U789,0,10,128,120
96,3,2022-05-09,T562,0,18,128,130
97,1,2022-05-10,U345,0,9,110,84
98,3,2022-05-11,U789,0,9,119,143
99,2,2022-05-12,Y857,1,10,129,71
100,3,2022-05-13,Y099,0,10,132,165
101,3,2022-05-14,T857,1,7,129,110
102,3,2022-05-15,U109,1,11,137,105
103,2,2022-05-16,T999,0,11,129,78
104,1,2022-05-17,Y341,0,7,143,48
105,1,2022-05-18,T562,1,9,129,110
106,1,2022-05-19,Y341,1,16,136,103
107,1,2022-05-20,U466,0,10,146,110
108,2,2022-05-21,U789,0,8,128,127
109,2,2022-05-22,Y674,0,10,135,110
110,2,2022-05-23,Y099,1,9,117,82
111,1,2022-05-24,T999,0,18,129,165
112,3,2022-05-25,T857,1,16,137,129
113,1,2022-05-26,Y847,0,11,145,97
114,1,2022-05-27,U546,0,12,142,74
115,2,2022-05-28,Y857,1,13,133,76
116,3,2022-05-29,T857,1,11,140,109
117,2,2022-05-30,Y092,0,8,148,55
118,3,2022-05-31,Y341,0,13,95,171
119,1,2022-06-01,U345,0,11,143,92
120,1,2022-06-02,Y099,1,12,133,61
121,2,2022-06-03,U834,0,10,122,166
122,3,2022-06-04,Y857,1,7,130,70
123,1,2022-06-05,Y099,1,15,139,331
124,2,2022-06-06,T857,0,8,122,57
125,2,2022-06-07,Y784,1,12,121,70
126,3,2022-06-08,Y674,0,22,128,270
127,1,2022-06-09,U486,0,17,133,80
128,3,2022-06-10,Y784,0,19,143,122
129,3,2022-06-11,U533,1,17,133,90
130,2,2022-06-12,T244,1,9,126,57
131,1,2022-06-13,T857,0,18,145,113
132,1,2022-06-14,T562,1,21,149,116
133,2,2022-06-15,U092,0,14,133,98
134,2,2022-06-16,T095,1,19,140,130
135,2,2022-06-17,U533,1,15,150,105
136,3,2022-06-18,T244,0,25,141,221
137,2,2022-06-19,Y847,1,14,138,85
138,1,2022-06-20,U345,1,22,121,81
139,1,2022-06-21,U345,1,14,140,109
140,2,2022-06-22,U345,0,8,130,58
141,2,2022-06-23,U466,0,20,118,116
142,1,2022-06-24,Y099,0,14,144,138
143,2,2022-06-25,T367,1,11,139,65
144,2,2022-06-26,T095,1,12,155,110
145,1,2022-06-27,Y784,0,11,124,77
146,3,2022-06-28,U486,0,11,139,95
147,3,2022-06-29,U789,1,14,143,99
148,1,2022-06-30,Y983,0,14,140,172
149,1,2022-07-01,U486,0,16,144,72
150,2,2022-07-02,Y674,1,9,134,104
151,3,2022-07-03,U834,0,16,135,91
152,3,2022-07-04,U533,0,16,155,58
153,3,2022-07-05,U345,1,17,137,111
154,3,2022-07-06,T609,0,25,138,219
155,3,2022-07-07,Y784,1,16,131,165
156,1,2022-07-08,Y857,0,15,133,198
157,2,2022-07-09,U546,0,7,148,51
158,3,2022-07-10,U546,0,9,131,59
159,2,2022-07-11,Y847,1,7,178,58
160,1,2022-07-12,T095,0,21,130,286
161,2,2022-07-13,T857,0,19,147,110
162,3,2022-07-14,Y847,1,17,140,109
163,3,2022-07-15,T244,0,17,142,165
164,1,2022-07-16,U092,0,27,142,154
165,2,2022-07-17,T562,0,16,144,110
166,3,2022-07-18,T367,0,21,160,58
167,3,2022-07-19,Y983,1,6,126,57
168,2,2022-07-20,U092,1,20,143,171
169,3,2022-07-21,Y341,1,10,145,59
170,3,2022-07-22,U834,1,15,142,275
171,1,2022-07-23,U466,0,16,142,105
172,1,2022-07-24,T562,0,16,131,191
173,2,2022-07-25,T609,0,32,122,163
174,2,2022-07-26,Y784,1,24,158,149
175,3,2022-07-27,U109,0,20,153,178
176,3,2022-07-28,U466,1,25,141,158
177,3,2022-07-29,U092,1,21,153,223
178,2,2022-07-30,T367,0,22,152,165
179,3,2022-07-31,U345,1,17,160,183
180,1,2022-08-01,T095,0,10,134,76
181,2,2022-08-02,Y341,1,23,157,275
182,1,2022-08-03,T857,1,21,143,246
183,2,2022-08-04,U546,1,21,152,113
184,1,2022-08-05,U109,1,24,146,166
185,1,2022-08-06,U789,0,16,57,525
186,2,2022-08-07,T857,1,19,81,234
187,3,2022-08-08,T244,1,25,156,78
188,2,2022-08-09,Y341,0,22,133,132
189,3,2022-08-10,Y099,0,24,154,180
190,2,2022-08-11,T999,0,10,131,93
191,2,2022-08-12,U109,1,21,150,168
192,3,2022-08-13,U533,1,21,149,165
193,2,2022-08-14,Y099,1,23,138,146
194,1,2022-08-15,U533,0,25,217,88
195,2,2022-08-16,U546,1,20,116,251
196,3,2022-08-17,Y857,0,18,129,113
197,1,2022-08-18,T244,1,18,144,101
198,1,2022-08-19,U109,0,23,148,170
199,3,2022-08-20,T857,0,23,131,144
200,3,2022-08-21,Y099,1,23,137,275
201,2,2022-08-22,T980,0,25,144,95
202,3,2022-08-23,U834,1,18,150,67
203,1,2022-08-24,U533,1,21,145,110
204,1,2022-08-25,Y847,1,22,135,200
205,3,2022-08-26,T244,0,18,137,110
206,2,2022-08-27,Y674,0,21,135,236
207,3,2022-08-28,T980,0,16,145,62
208,1,2022-08-29,T980,0,19,167,142
209,2,2022-08-30,Y857,1,23,148,275
210,3,2022-08-31,Y092,0,17,155,97
211,1,2022-09-01,U466,0,21,154,123
212,1,2022-09-02,U533,1,17,146,66
213,2,2022-09-03,T609,1,23,148,110
214,3,2022-09-04,T562,1,23,146,259
215,3,2022-09-05,T095,1,28,144,81
216,3,2022-09-06,U834,0,23,144,131
217,3,2022-09-07,T244,0,26,139,170
218,2,2022-09-08,T095,0,29,143,496
219,3,2022-09-09,Y847,1,23,140,376
220,1,2022-09-10,T562,0,24,136,170
221,3,2022-09-11,Y092,1,15,111,160
222,3,2022-09-12,Y983,1,18,138,137
223,2,2022-09-13,U345,1,23,118,332
224,2,2022-09-14,Y857,0,27,142,165
225,3,2022-09-15,Y983,1,25,134,179
226,1,2022-09-16,Y784,1,24,158,275
227,2,2022-09-17,U092,0,18,153,122
228,2,2022-09-18,Y092,0,21,152,111
229,2,2022-09-19,T999,1,17,127,91
230,2,2022-09-20,U345,0,27,150,139
231,3,2022-09-21,Y847,1,20,145,113
232,1,2022-09-22,T095,1,21,140,165
233,1,2022-09-23,T857,1,38,144,330
234,2,2022-09-24,U486,1,32,169,330
235,1,2022-09-25,U486,1,42,156,328
236,2,2022-09-26,Y674,0,35,142,190
237,3,2022-09-27,U109,1,36,168,639
238,1,2022-09-28,T562,1,19,186,314
239,1,2022-09-29,Y784,0,25,171,224
240,3,2022-09-30,U466,1,22,161,264
241,3,2022-10-01,Y092,0,24,85,275
242,2,2022-10-02,U533,0,23,145,137
243,2,2022-10-03,U466,0,15,162,78
244,3,2022-10-04,Y857,0,31,153,475
245,3,2022-10-05,T980,0,22,166,168
246,3,2022-10-06,T367,0,29,149,216
247,2,2022-10-07,U092,1,20,156,165
248,2,2022-10-08,U109,1,24,147,217
249,1,2022-10-09,U533,1,22,146,122
250,3,2022-10-10,U109,0,19,170,67
251,1,2022-10-11,Y847,1,13,147,110
252,3,2022-10-12,T980,0,20,145,221
253,1,2022-10-13,Y092,0,32,147,165
254,3,2022-10-14,T367,1,20,147,123
255,1,2022-10-15,Y784,0,20,154,154
256,2,2022-10-16,U092,1,23,135,303
257,2,2022-10-17,Y857,0,14,145,54
258,2,2022-10-18,T980,0,21,149,270
259,2,2022-10-19,U092,0,16,158,157
260,3,2022-10-20,T857,1,19,142,229
261,1,2022-10-21,T367,1,13,142,85
262,3,2022-10-22,T857,0,8,183,58
263,3,2022-10-23,U109,0,14,157,59
264,1,2022-10-24,U466,1,26,124,105
265,1,2022-10-25,T562,0,20,148,221
266,3,2022-10-26,T980,1,19,133,109
267,1,2022-10-27,Y857,1,26,156,320
268,2,2022-10-28,Y341,1,24,145,224
269,1,2022-10-29,Y099,0,21,141,179
270,1,2022-10-30,Y099,0,13,139,57
271,1,2022-10-31,U789,0,13,133,78
272,1,2022-11-01,U546,1,15,143,100
273,1,2022-11-02,U834,1,21,147,143
274,2,2022-11-03,Y784,1,23,148,123
275,1,2022-11-04,U486,0,20,161,110
276,3,2022-11-05,Y092,0,25,147,167
277,3,2022-11-06,Y092,0,26,145,124
278,2,2022-11-07,Y099,1,14,128,63
279,3,2022-11-08,Y784,0,28,133,153
280,1,2022-11-09,Y099,1,32,136,236
281,1,2022-11-10,Y784,0,45,117,307
282,1,2022-11-11,U546,0,19,113,151
283,1,2022-11-12,Y092,1,20,126,111
284,3,2022-11-13,Y784,0,18,126,151
285,2,2022-11-14,U533,1,13,123,106
286,1,2022-11-15,T244,1,20,131,276
287,2,2022-11-16,T367,0,25,135,333
288,2,2022-11-17,T980,0,15,135,132
289,3,2022-11-18,U466,0,19,135,275
290,1,2022-11-19,Y674,0,19,144,204
291,1,2022-11-20,Y857,1,26,143,195
292,1,2022-11-21,T999,1,29,136,114
293,2,2022-11-22,Y857,0,41,140,430
294,2,2022-11-23,U486,0,21,139,110
295,3,2022-11-24,U109,0,18,133,134
296,3,2022-11-25,T999,0,17,143,117
297,3,2022-11-26,U345,0,30,137,386
298,3,2022-11-27,T980,0,30,138,220
299,1,2022-11-28,T999,1,26,131,113
300,2,2022-11-29,U533,0,23,125,167
301,2,2022-11-30,T609,0,20,95,173
302,2,2022-12-01,U345,0,25,134,324
303,2,2022-12-02,Y784,1,26,134,85
304,2,2022-12-03,Y784,0,26,135,195
305,1,2022-12-04,U546,0,33,139,178
306,1,2022-12-05,U834,0,19,113,112
307,1,2022-12-06,T980,0,29,128,247
308,1,2022-12-07,Y847,0,29,143,221
309,1,2022-12-08,Y857,0,28,141,411
310,3,2022-12-09,Y784,0,18,134,128
311,3,2022-12-10,U789,0,16,139,102
312,1,2022-12-11,U533,1,8,126,121
313,1,2022-12-12,T609,0,11,142,116
314,3,2022-12-13,T999,0,13,127,155
315,1,2022-12-14,T609,1,15,139,228
316,1,2022-12-15,U109,0,21,141,282
317,2,2022-12-16,Y341,1,17,143,220
318,3,2022-12-17,T244,1,22,130,401
319,1,2022-12-18,U466,0,22,143,206
320,2,2022-12-19,U834,0,25,152,125
321,3,2022-12-20,U789,0,48,135,313
322,2,2022-12-21,Y784,1,21,130,165
323,2,2022-12-22,Y099,1,16,140,135
324,2,2022-12-23,U109,0,18,141,137
325,2,2022-12-24,Y784,1,29,119,221
326,2,2022-12-25,Y983,0,24,132,385
327,1,2022-12-26,U789,1,33,178,136
328,1,2022-12-27,T999,1,24,138,140
329,1,2022-12-28,Y983,1,24,142,168
330,3,2022-12-29,U109,1,38,137,641
331,1,2022-12-30,T857,0,30,144,312
332,3,2022-12-31,Y341,0,25,124,220
333,3,2023-01-01,T095,0,28,145,260
334,3,2023-01-02,U834,1,37,156,190
335,2,2023-01-03,Y092,1,23,145,165
336,3,2023-01-04,Y341,1,29,136,165
337,1,2023-01-05,Y092,0,26,143,191
338,3,2023-01-06,T999,1,26,134,194
339,1,2023-01-07,U834,1,23,145,112
340,2,2023-01-08,U345,0,33,162,196
341,3,2023-01-09,T609,0,40,155,192
342,2,2023-01-10,T367,0,32,136,220
343,2,2023-01-11,T609,1,35,138,220
344,1,2023-01-12,T999,1,28,130,244
345,3,2023-01-13,Y983,0,41,136,311
346,3,2023-01-14,Y983,0,28,140,239
347,1,2023-01-15,U789,0,22,128,442
348,3,2023-01-16,T609,1,13,150,62
349,2,2023-01-17,T367,1,23,128,189
350,3,2023-01-18,Y847,1,25,135,172
351,2,2023-01-19,Y983,1,34,150,461
352,1,2023-01-20,U092,1,57,115,348
353,3,2023-01-21,T999,1,42,125,606
354,2,2023-01-22,U533,0,24,141,192
355,2,2023-01-23,U834,0,16,131,201
356,1,2023-01-24,U345,0,25,142,110
357,1,2023-01-25,T999,1,22,139,127
358,3,2023-01-26,U345,1,32,150,234
359,3,2023-01-27,U834,1,28,142,330
360,1,2023-01-28,T999,0,35,135,204
361,1,2023-01-29,T562,1,34,145,166
362,3,2023-01-30,T999,0,26,117,177
363,3,2023-01-31,U109,1,37,137,385
364,2,2023-02-01,Y341,0,33,143,220
365,2,2023-02-02,Y674,0,34,144,172
366,3,2023-02-03,U533,0,45,151,264
367,1,2023-02-04,T244,1,32,137,202
368,3,2023-02-05,T244,1,32,133,416
369,3,2023-02-06,Y847,0,32,154,157
370,2,2023-02-07,T562,1,38,125,330
371,3,2023-02-08,T609,0,41,145,220
372,3,2023-02-09,U546,0,29,149,116
373,1,2023-02-10,U789,0,30,138,190
374,1,2023-02-11,Y341,0,49,146,456
375,2,2023-02-12,U486,0,24,134,114
376,3,2023-02-13,U834,1,6,135,46
377,3,2023-02-14,U533,0,31,141,242
378,2,2023-02-15,Y092,0,34,141,385
379,3,2023-02-16,T857,1,45,138,435
380,2,2023-02-17,T244,1,22,137,135
381,1,2023-02-18,T609,0,24,132,208
382,1,2023-02-19,T244,0,27,139,199
383,3,2023-02-20,U466,1,37,138,196
384,3,2023-02-21,T999,1,28,138,147
385,3,2023-02-22,U546,0,31,144,220
386,3,2023-02-23,U092,1,28,133,293
387,3,2023-02-24,U533,0,35,159,281
388,1,2023-02-25,T562,1,35,143,338
389,3,2023-02-26,U834,1,33,145,272
390,3,2023-02-27,T367,0,40,160,192
391,1,2023-02-28,U466,0,31,143,170
392,3,2023-03-01,Y784,1,27,144,388
393,2,2023-03-02,T999,0,27,135,107
394,2,2023-03-03,T562,1,29,151,220
395,3,2023-03-04,Y099,0,26,142,356
396,3,2023-03-05,T095,1,26,144,319
397,1,2023-03-06,Y341,1,8,130,47
398,2,2023-03-07,U466,1,35,146,266
399,3,2023-03-08,Y857,0,19,137,223
400,3,2023-03-09,U834,0,22,148,221
401,2,2023-03-10,Y099,0,26,127,232
402,2,2023-03-11,U486,0,12,139,79
403,1,2023-03-12,Y092,1,33,157,241
404,2,2023-03-13,T244,0,19,141,92
405,2,2023-03-14,T367,0,13,153,133
406,2,2023-03-15,U092,0,12,94,102
407,2,2023-03-16,Y674,1,14,162,73
408,3,2023-03-17,U092,0,22,146,150
409,1,2023-03-18,Y092,1,35,154,190
410,1,2023-03-19,T857,0,36,147,275
411,3,2023-03-20,T244,1,47,156,142
412,1,2023-03-21,T095,1,29,152,131
413,1,2023-03-22,T244,1,46,159,265
414,3,2023-03-23,T980,0,37,158,231
415,1,2023-03-24,T562,1,28,127,170
416,1,2023-03-25,U546,0,22,148,251
417,1,2023-03-26,U789,0,31,150,304
418,1,2023-03-27,Y341,1,60,167,286
419,1,2023-03-28,U533,0,33,162,278
420,3,2023-03-29,U533,1,32,160,140
421,1,2023-03-30,U092,0,27,163,163
422,1,2023-03-31,Y784,1,28,160,111
423,3,2023-04-01,T367,1,29,154,716
424,1,2023-04-02,U546,0,35,169,330
425,1,2023-04-03,Y847,0,26,191,209
426,3,2023-04-04,Y341,1,38,154,275
427,3,2023-04-05,Y784,0,30,173,268
428,3,2023-04-06,Y674,0,33,160,272
429,3,2023-04-07,Y092,0,36,152,281
430,3,2023-04-08,U834,0,34,137,250
431,3,2023-04-09,Y847,1,26,153,98
432,1,2023-04-10,Y092,0,42,144,176
433,2,2023-04-11,T367,0,42,159,196
434,2,2023-04-12,U466,1,29,151,221
435,2,2023-04-13,Y674,0,26,148,209
436,2,2023-04-14,Y092,0,26,149,208
437,1,2023-04-15,T609,1,39,153,188
438,3,2023-04-16,T980,1,38,158,258
439,1,2023-04-17,U109,1,34,125,269
440,1,2023-04-18,T980,0,36,135,246
441,2,2023-04-19,T562,0,32,143,220
442,1,2023-04-20,Y857,1,29,151,455
443,3,2023-04-21,Y099,0,38,196,599
444,2,2023-04-22,Y674,0,13,175,113
445,1,2023-04-23,U533,1,12,167,57
446,2,2023-04-24,Y784,1,13,144,55
447,3,2023-04-25,T857,0,10,150,86
448,2,2023-04-26,T562,1,8,143,52
449,1,2023-04-27,Y674,1,17,132,86
450,2,2023-04-28,U466,0,22,126,520
451,2,2023-04-29,U466,0,21,146,160
452,1,2023-04-30,U789,1,30,147,349
453,3,2023-05-01,U834,1,11,160,55
454,1,2023-05-02,T367,0,24,151,187
455,3,2023-05-03,U486,1,26,157,220
456,3,2023-05-04,Y857,1,11,133,82
457,2,2023-05-05,T367,0,18,147,165
458,2,2023-05-06,Y784,1,22,167,195
459,3,2023-05-07,U092,1,23,151,288
460,2,2023-05-08,U466,0,14,145,89
461,3,2023-05-09,Y784,0,26,156,330
462,2,2023-05-10,T980,0,25,150,178
463,1,2023-05-11,T367,0,18,160,183
464,2,2023-05-12,U486,1,26,147,112
465,2,2023-05-13,Y674,1,22,149,220
466,1,2023-05-14,T244,1,20,156,173
467,2,2023-05-15,Y092,0,18,187,96
468,3,2023-05-16,T857,1,18,159,163
469,3,2023-05-17,Y784,1,21,157,165
470,1,2023-05-18,U109,0,31,150,220
471,2,2023-05-19,U466,1,22,145,148
472,1,2023-05-20,Y847,0,8,147,96
473,2,2023-05-21,T609,1,24,158,268
474,3,2023-05-22,T095,1,32,151,85
475,3,2023-05-23,T367,1,37,164,165
476,1,2023-05-24,Y099,0,24,132,136
477,1,2023-05-25,Y983,1,38,152,321
478,2,2023-05-26,U345,1,32,154,188
479,2,2023-05-27,U834,1,22,158,147
480,2,2023-05-28,U092,0,39,170,496
481,2,2023-05-29,T999,0,35,175,142
482,2,2023-05-30,T367,1,16,163,231
483,2,2023-05-31,U546,0,21,151,238
484,3,2023-06-01,U533,0,24,142,128
485,3,2023-06-02,Y847,0,26,151,230
486,1,2023-06-03,T367,0,23,155,165
487,1,2023-06-04,Y341,1,38,162,436
488,3,2023-06-05,U533,0,26,203,136
489,2,2023-06-06,U109,0,18,154,381
490,2,2023-06-07,U546,1,22,165,165
491,2,2023-06-08,T999,0,31,148,276
492,2,2023-06-09,U533,0,26,145,126
493,3,2023-06-10,Y983,1,43,157,247
494,2,2023-06-11,T857,0,50,158,312
495,3,2023-06-12,U109,0,32,134,286
496,2,2023-06-13,T244,0,36,164,232
497,3,2023-06-14,U109,0,42,148,900
498,3,2023-06-15,U533,1,31,158,173
499,3,2023-06-16,T095,0,26,147,157
500,2,2023-06-17,T095,0,24,146,142
501,1,2023-06-18,Y092,1,31,158,276
502,2,2023-06-19,U092,1,48,174,284
503,3,2023-06-20,U533,1,35,179,162
504,3,2023-06-21,T367,0,27,143,305
505,2,2023-06-22,Y784,1,57,145,331
506,1,2023-06-23,Y983,1,44,161,360
507,2,2023-06-24,T999,0,18,162,143
508,1,2023-06-25,Y674,0,20,147,90
509,2,2023-06-26,Y674,1,23,120,113
510,1,2023-06-27,Y099,0,21,151,214
511,1,2023-06-28,Y674,1,17,149,141
512,1,2023-06-29,Y847,1,41,131,346
513,3,2023-06-30,T095,1,22,150,132
514,3,2023-07-01,Y983,1,30,147,275
515,2,2023-07-02,U834,1,44,166,275
516,1,2023-07-03,T980,1,39,176,174
517,2,2023-07-04,U345,1,26,169,166
518,2,2023-07-05,T999,0,23,151,181
519,3,2023-07-06,Y674,0,25,156,143
520,3,2023-07-07,Y099,1,37,106,243
521,1,2023-07-08,Y092,0,27,157,152
522,1,2023-07-09,U109,0,28,131,196
523,2,2023-07-10,Y847,1,42,167,220
524,3,2023-07-11,U789,0,34,159,201
525,1,2023-07-12,Y092,1,33,153,128
526,2,2023-07-13,Y099,0,47,164,330
527,2,2023-07-14,T857,1,44,165,318
528,3,2023-07-15,U789,1,36,155,275
529,2,2023-07-16,T562,1,40,164,207
530,2,2023-07-17,Y857,1,42,173,220
531,1,2023-07-18,Y341,0,34,155,163
532,2,2023-07-19,U533,0,30,156,279
533,2,2023-07-20,Y784,0,26,170,110
534,2,2023-07-21,U834,1,30,158,331
535,2,2023-07-22,Y983,0,38,173,275
536,2,2023-07-23,Y784,1,51,167,423
537,2,2023-07-24,Y983,1,48,156,275
538,1,2023-07-25,Y099,0,38,153,261
539,3,2023-07-26,Y857,0,34,156,330
540,1,2023-07-27,U533,1,32,148,440
541,3,2023-07-28,U466,1,32,163,177
542,3,2023-07-29,T244,0,27,177,319
543,1,2023-07-30,Y674,1,21,165,92
544,3,2023-07-31,Y341,0,22,163,455
545,2,2023-08-01,U789,1,32,178,182
546,2,2023-08-02,T244,0,26,172,110
547,3,2023-08-03,T980,0,18,127,120
548,3,2023-08-04,Y847,1,17,184,385
549,1,2023-08-05,T609,0,26,176,219
550,3,2023-08-06,U789,0,17,173,165
551,2,2023-08-07,U109,0,17,180,165
552,2,2023-08-08,Y674,0,20,157,120
553,1,2023-08-09,Y847,1,24,169,166
554,1,2023-08-10,U345,1,17,159,122
555,1,2023-08-11,Y983,0,16,161,385
556,3,2023-08-12,Y983,1,19,175,275
557,2,2023-08-13,U466,1,21,158,198
558,3,2023-08-14,T980,0,23,157,170
559,2,2023-08-15,T095,0,30,172,256
560,2,2023-08-16,U345,0,14,148,121
561,1,2023-08-17,T562,1,12,159,177
562,1,2023-08-18,Y784,1,30,166,227
563,3,2023-08-19,U109,0,17,167,155
564,2,2023-08-20,T999,1,21,162,220
565,2,2023-08-21,Y674,0,51,166,254
566,3,2023-08-22,T367,1,52,150,338
567,2,2023-08-23,U092,1,32,164,214
568,1,2023-08-24,U546,0,41,160,309
569,2,2023-08-25,U092,1,70,150,471
570,2,2023-08-26,U546,1,40,150,549
571,2,2023-08-27,U533,1,25,168,220
572,3,2023-08-28,U092,0,55,241,346
573,1,2023-08-29,U486,0,55,169,446
574,2,2023-08-30,T562,0,25,162,220
575,3,2023-08-31,U345,0,20,179,201
576,2,2023-09-01,T095,0,15,176,496
577,1,2023-09-02,T857,1,23,164,257
578,1,2023-09-03,U789,0,10,160,111
579,3,2023-09-04,U092,1,5,168,19
580,1,2023-09-05,T562,0,19,158,188
581,2,2023-09-06,T562,0,11,143,388
582,3,2023-09-07,U533,0,5,160,58
583,2,2023-09-08,T980,1,16,161,399
584,3,2023-09-09,U109,0,5,147,110
585,3,2023-09-10,U345,1,4,146,113
586,1,2023-09-11,U546,0,4,195,55
587,1,2023-09-12,Y784,0,6,155,220
588,1,2023-09-13,Y341,1,26,140,289
589,2,2023-09-14,Y847,1,6,149,110
590,3,2023-09-15,U546,1,13,156,161
591,2,2023-09-16,T857,1,5,146,116
592,1,2023-09-17,U109,1,6,148,110
593,2,2023-09-18,T857,0,8,175,59
594,3,2023-09-19,U834,1,8,153,78
595,1,2023-09-20,Y341,1,13,158,220
596,2,2023-09-21,Y099,1,4,154,110
597,1,2023-09-22,Y099,0,15,193,89
598,1,2023-09-23,T367,1,5,163,165
599,1,2023-09-24,Y983,1,9,170,265
600,2,2023-09-25,T367,1,14,137,74
601,1,2023-09-26,Y674,1,7,149,58
602,3,2023-09-27,T980,1,10,150,123
603,1,2023-09-28,T857,0,11,167,113
604,3,2023-09-29,Y674,0,19,146,153
605,2,2023-09-30,T562,0,9,157,65
606,3,2023-10-01,U092,0,7,147,115
607,3,2023-10-02,T244,0,3,138,3
608,3,2023-10-03,T244,0,8,159,71
609,3,2023-10-04,U092,1,18,144,144
610,2,2023-10-05,T609,0,6,158,58
611,1,2023-10-06,Y784,0,15,170,150
612,2,2023-10-07,U345,1,15,130,159
613,3,2023-10-08,U486,0,16,152,119
614,3,2023-10-09,Y857,1,6,142,48
615,2,2023-10-10,U092,1,9,151,276
616,3,2023-10-11,Y092,1,11,150,112
617,1,2023-10-12,U834,1,9,195,110
618,1,2023-10-13,T980,0,28,145,74
619,2,2023-10-14,U789,1,11,148,110
620,2,2023-10-15,T095,0,9,137,131
621,1,2023-10-16,Y341,1,6,141,48
622,3,2023-10-17,Y092,0,8,155,58
623,2,2023-10-18,T562,0,13,163,133
624,3,2023-10-19,T857,1,13,151,87
625,2,2023-10-20,U546,0,17,156,315
626,1,2023-10-21,U834,1,24,166,165
627,1,2023-10-22,Y857,0,16,153,98
628,3,2023-10-23,U834,0,4,144,18
629,2,2023-10-24,Y674,0,17,152,331
630,3,2023-10-25,T999,0,29,157,162
631,1,2023-10-26,U486,0,18,159,276
632,1,2023-10-27,T095,1,10,123,164
633,3,2023-10-28,U533,1,21,155,190
634,2,2023-10-29,T562,0,14,151,153
635,2,2023-10-30,U533,1,5,132,55
636,1,2023-10-31,Y099,1,9,152,330
637,1,2023-11-01,T609,0,8,142,79
638,1,2023-11-02,U486,0,21,166,164
639,2,2023-11-03,U092,0,14,156,110
640,3,2023-11-04,T367,0,26,170,297
641,2,2023-11-05,U109,0,13,165,102
642,3,2023-11-06,T609,1,20,171,160
643,1,2023-11-07,U466,1,11,152,138
644,2,2023-11-08,T999,0,18,143,167
645,3,2023-11-09,Y847,0,18,163,126
646,3,2023-11-10,T244,1,31,157,220
647,1,2023-11-11,U466,0,23,164,191
648,2,2023-11-12,T857,0,25,142,166
649,3,2023-11-13,Y857,0,9,157,110
650,1,2023-11-14,Y341,1,15,129,206
651,3,2023-11-15,Y674,0,23,156,275
652,3,2023-11-16,U345,1,29,160,308
653,1,2023-11-17,U345,1,21,169,165
654,1,2023-11-18,T095,0,18,156,330
655,2,2023-11-19,Y674,1,30,169,220
656,1,2023-11-20,U546,1,24,165,72
657,3,2023-11-21,Y341,1,23,163,164
658,1,2023-11-22,U109,1,22,161,269
659,3,2023-11-23,Y857,0,12,159,120
660,1,2023-11-24,T244,0,21,171,159
661,2,2023-11-25,Y847,1,13,155,146
662,2,2023-11-26,T367,0,13,164,140
663,2,2023-11-27,T367,1,11,131,104
664,2,2023-11-28,Y983,0,12,158,82
665,3,2023-11-29,U109,0,6,129,57
666,2,2023-11-30,U466,1,7,150,165
667,2,2023-12-01,U109,0,7,157,55
668,3,2023-12-02,Y674,0,9,159,110
669,2,2023-12-03,U345,0,23,133,317
670,1,2023-12-04,Y784,1,9,155,110
671,3,2023-12-05,T980,1,12,159,152
672,1,2023-12-06,Y847,0,17,142,293
673,1,2023-12-07,U092,0,10,160,98
674,1,2023-12-08,U834,0,11,145,108
675,2,2023-12-09,Y983,1,6,154,58
676,2,2023-12-10,T562,1,14,156,176
677,1,2023-12-11,U533,0,15,173,101
678,1,2023-12-12,U109,0,14,146,203
679,1,2023-12-13,Y983,0,16,161,132
680,3,2023-12-14,T999,1,14,148,137
681,1,2023-12-15,T857,1,19,159,164
682,3,2023-12-16,U486,0,23,152,169
683,3,2023-12-17,Y983,0,22,162,119
684,1,2023-12-18,U092,0,39,223,220
685,3,2023-12-19,U466,1,109,166,661
686,2,2023-12-20,T562,0,98,138,606
687,2,2023-12-21,U466,0,64,153,770
688,2,2023-12-22,T562,0,38,180,332
689,1,2023-12-23,Y857,0,20,153,315
690,3,2023-12-24,Y341,0,46,159,256
691,1,2023-12-25,T980,0,17,127,270
692,2,2023-12-26,T562,1,193,181,1047
693,1,2023-12-27,Y784,1,244,163,938
694,1,2023-12-28,U486,1,308,188,1376
695,1,2023-12-29,T367,0,193,172,1155
696,2,2023-12-30,Y847,0,62,169,882
697,3,2023-12-31,U092,1,43,157,330
698,3,2024-01-01,Y341,0,38,192,330
699,2,2024-01-02,Y674,0,34,172,330
700,2,2024-01-03,Y857,1,44,175,261
701,1,2024-01-04,Y857,1,41,183,349
702,1,2024-01-05,U466,1,39,186,506
703,3,2024-01-06,T857,1,38,161,220
704,1,2024-01-07,Y784,0,33,165,252
705,3,2024-01-08,Y784,1,29,160,168
706,2,2024-01-09,Y341,1,39,153,222
707,1,2024-01-10,U834,1,26,145,222
708,1,2024-01-11,Y784,1,24,162,165
709,1,2024-01-12,Y784,0,24,151,233
710,2,2024-01-13,U789,0,34,169,385
711,3,2024-01-14,Y099,0,15,160,165
712,1,2024-01-15,T980,1,15,133,148
713,2,2024-01-16,Y784,0,20,160,291
714,3,2024-01-17,T857,1,23,159,181
715,3,2024-01-18,T999,1,44,168,457
716,1,2024-01-19,U345,0,23,158,166
717,2,2024-01-20,T562,0,17,156,142
718,1,2024-01-21,U834,0,31,171,216
719,3,2024-01-22,T367,0,52,209,660
720,3,2024-01-23,Y857,0,40,181,416
721,2,2024-01-24,U789,1,17,163,169
722,3,2024-01-25,T609,0,16,156,104
723,2,2024-01-26,Y784,1,22,157,138
724,1,2024-01-27,Y341,1,16,169,168
725,2,2024-01-28,U109,1,20,161,174
726,2,2024-01-29,T095,1,14,186,58
727,3,2024-01-30,T562,0,20,168,152
728,1,2024-01-31,T244,0,24,171,190
729,2,2024-02-01,U109,1,17,166,333
730,2,2024-02-02,U533,0,30,178,299
731,1,2024-02-03,Y674,1,25,165,176
732,1,2024-02-04,U486,1,34,169,300
733,2,2024-02-05,Y674,0,20,125,117
734,2,2024-02-06,U789,1,17,175,195
735,2,2024-02-07,U789,0,18,167,198
736,1,2024-02-08,Y847,0,22,167,114
737,1,2024-02-09,T999,0,26,172,275
738,3,2024-02-10,U834,0,19,149,246
739,2,2024-02-11,T999,1,19,147,164
740,2,2024-02-12,Y092,1,16,146,158
741,1,2024-02-13,Y674,1,32,142,236
742,1,2024-02-14,Y847,0,27,168,193
743,3,2024-02-15,Y983,0,19,161,168
744,1,2024-02-16,Y784,0,31,169,493
745,2,2024-02-17,Y341,0,26,181,220
746,1,2024-02-18,Y099,0,25,170,243
747,1,2024-02-19,T095,1,35,173,178
748,1,2024-02-20,Y784,1,23,164,125
749,3,2024-02-21,U109,1,16,167,381
750,3,2024-02-22,U533,0,21,138,168
751,2,2024-02-23,Y341,1,19,173,276
752,1,2024-02-24,U789,0,25,168,437
753,1,2024-02-25,U789,1,47,176,196
754,2,2024-02-26,Y341,0,38,141,136
755,1,2024-02-27,T980,1,21,171,237
756,1,2024-02-28,U546,1,22,159,158
757,2,2024-02-29,Y784,1,34,171,271
758,1,2024-03-01,Y341,1,15,176,186
759,1,2024-03-02,T999,1,15,193,178
760,2,2024-03-03,T999,1,20,171,287
761,2,2024-03-04,U092,1,14,152,154
762,2,2024-03-05,U109,0,26,166,218
763,2,2024-03-06,U092,1,15,156,128
764,1,2024-03-07,U533,0,34,176,421
765,3,2024-03-08,T609,1,20,168,186
766,2,2024-03-09,T562,0,30,168,496
767,1,2024-03-10,Y674,0,59,161,329
768,3,2024-03-11,Y857,1,29,151,187
769,2,2024-03-12,U533,1,43,172,306
770,1,2024-03-13,Y857,1,22,168,226
771,3,2024-03-14,T562,1,37,164,311
772,3,2024-03-15,Y784,1,47,180,521
773,1,2024-03-16,U092,0,34,186,248
774,1,2024-03-17,T244,1,39,188,215
775,2,2024-03-18,U789,1,46,203,308
776,1,2024-03-19,U109,0,40,210,249
777,2,2024-03-20,Y847,1,30,194,435
778,2,2024-03-21,Y983,1,30,191,352
779,2,2024-03-22,T609,0,43,207,932
780,1,2024-03-23,Y099,1,37,182,317
781,3,2024-03-24,U834,1,35,183,672
782,3,2024-03-25,U533,0,14,178,124
783,1,2024-03-26,U092,1,37,193,339
784,2,2024-03-27,T367,1,52,181,573
785,2,2024-03-28,Y099,1,45,177,347
786,2,2024-03-29,U834,0,35,189,341
787,1,2024-03-30,Y099,0,71,204,1551
788,2,2024-03-31,Y847,0,49,194,536
789,2,2024-04-01,Y341,0,32,199,180
790,2,2024-04-02,T244,0,48,96,645
791,1,2024-04-03,T095,1,37,125,655
792,2,2024-04-04,T999,1,54,135,1019
793,1,2024-04-05,Y099,1,48,209,621
794,1,2024-04-06,U345,1,73,215,552
795,1,2024-04-07,Y857,1,83,214,538
796,1,2024-04-08,T244,1,58,191,322
797,2,2024-04-09,Y092,1,58,219,525
798,1,2024-04-10,T367,0,64,213,547
799,2,2024-04-11,Y341,1,121,235,738
800,2,2024-04-12,U789,0,168,172,998
801,2,2024-04-13,Y341,1,161,253,1302
802,2,2024-04-14,U092,0,127,209,744
803,3,2024-04-15,U109,1,34,263,284
804,2,2024-04-16,U834,0,132,243,744
805,1,2024-04-17,Y847,1,64,214,372
806,3,2024-04-18,T999,0,130,237,818
807,2,2024-04-19,Y857,1,102,208,792
808,1,2024-04-20,T095,1,113,214,1162
809,2,2024-04-21,T980,1,85,231,682
810,3,2024-04-22,T562,0,14,206,201
811,1,2024-04-23,U466,0,24,222,328
812,1,2024-04-24,Y092,1,30,222,473
813,2,2024-04-25,U533,0,14,212,189
814,1,2024-04-26,T095,1,32,205,372
815,2,2024-04-27,T980,0,61,207,475
816,3,2024-04-28,U466,0,41,195,410
817,2,2024-04-29,T244,1,9,195,143
818,2,2024-04-30,U546,1,51,203,406
819,3,2024-05-01,U466,1,30,197,248
820,1,2024-05-02,T857,1,26,181,310
821,3,2024-05-03,T857,0,26,211,298
822,2,2024-05-04,T562,0,23,170,121
823,1,2024-05-05,Y674,1,44,183,304
824,2,2024-05-06,U466,0,11,199,84
825,1,2024-05-07,T367,0,31,198,251
826,3,2024-05-08,U533,0,48,207,310
827,2,2024-05-09,U109,1,23,193,230
828,1,2024-05-10,T609,1,30,166,279
829,1,2024-05-11,U092,0,24,191,170
830,3,2024-05-12,Y784,0,20,178,139
831,2,2024-05-13,Y784,1,21,171,172
832,1,2024-05-14,T980,1,32,187,186
833,1,2024-05-15,Y341,0,29,190,202
834,3,2024-05-16,Y857,0,36,201,310
835,3,2024-05-17,U834,0,91,205,995
836,2,2024-05-18,U109,0,120,206,985
837,3,2024-05-19,U345,0,104,153,744
838,2,2024-05-20,T095,1,162,193,994
839,2,2024-05-21,T562,0,92,153,1365
840,3,2024-05-22,U533,0,106,190,953
841,3,2024-05-23,U533,1,168,194,804
842,1,2024-05-24,U789,1,146,198,853
843,3,2024-05-25,Y092,1,304,219,1357
844,3,2024-05-26,U109,0,73,203,746
845,1,2024-05-27,T244,1,53,211,497
846,3,2024-05-28,U533,0,71,190,868
847,2,2024-05-29,U486,1,54,184,485
848,1,2024-05-30,T367,0,67,205,444
849,1,2024-05-31,T999,0,68,198,931
850,2,2024-06-01,Y857,0,83,184,671
851,1,2024-06-02,U533,1,91,192,629
852,3,2024-06-03,Y784,1,34,201,253
853,3,2024-06-04,T367,1,41,181,661
854,1,2024-06-05,T999,1,51,187,708
855,2,2024-06-06,U109,0,50,197,1304
856,3,2024-06-07,T562,1,71,197,530
857,3,2024-06-08,Y847,1,40,178,421
858,3,2024-06-09,T244,1,62,196,496
859,3,2024-06-10,T980,0,29,184,186
860,1,2024-06-11,T244,1,40,178,211
861,1,2024-06-12,U486,0,30,179,182
862,3,2024-06-13,Y092,0,40,176,414
863,2,2024-06-14,U109,1,16,174,249
864,3,2024-06-15,U546,0,55,211,313
865,2,2024-06-16,U546,0,30,182,594
866,3,2024-06-17,Y847,1,12,161,157
867,2,2024-06-18,U092,0,22,173,177
868,3,2024-06-19,U092,1,18,175,251
869,1,2024-06-20,Y857,0,48,199,342
870,1,2024-06-21,T980,1,20,186,310
871,3,2024-06-22,Y099,0,40,178,1491
872,2,2024-06-23,Y857,0,26,194,234
873,3,2024-06-24,U834,0,14,150,147
874,3,2024-06-25,Y092,0,17,174,179
875,1,2024-06-26,Y341,0,4,141,62
876,1,2024-06-27,Y847,0,8,166,252
877,2,2024-06-28,Y857,1,27,170,251
878,1,2024-06-29,T609,0,45,178,713
879,1,2024-06-30,Y983,1,26,171,373
880,1,2024-07-01,U466,0,7,166,103
881,3,2024-07-02,U109,0,17,165,203
882,3,2024-07-03,Y857,1,27,166,325
883,3,2024-07-04,T609,1,55,173,449
884,2,2024-07-05,U546,1,112,189,666
885,1,2024-07-06,Y847,1,44,182,372
886,2,2024-07-07,Y099,1,16,171,248
887,3,2024-07-08,U486,1,5,176,99
888,2,2024-07-09,T857,1,34,189,252
889,1,2024-07-10,U466,1,21,183,135
890,2,2024-07-11,T999,1,24,170,310
891,3,2024-07-12,T367,0,16,159,377
892,3,2024-07-13,T857,0,18,157,165
893,1,2024-07-14,T095,0,20,154,294
894,2,2024-07-15,U109,0,6,156,65
895,1,2024-07-16,U533,0,9,159,121
896,1,2024-07-17,U109,0,9,165,150
897,1,2024-07-18,Y099,1,19,168,368
898,1,2024-07-19,Y099,0,8,163,187
899,3,2024-07-20,Y674,0,8,184,130
900,1,2024-07-21,T999,0,8,174,167
901,1,2024-07-22,U486,0,11,158,77
902,2,2024-07-23,T857,0,45,175,290
903,2,2024-07-24,T244,1,26,174,558
904,1,2024-07-25,T980,1,12,122,401
905,1,2024-07-26,U486,1,41,177,567
906,3,2024-07-27,U345,0,11,180,342
907,1,2024-07-28,Y983,0,15,161,177
908,3,2024-07-29,U109,0,14,173,127
909,1,2024-07-30,T095,0,12,156,212
910,3,2024-07-31,Y983,0,32,165,579
911,3,2024-08-01,U345,0,37,200,1182
912,3,2024-08-02,T562,1,83,222,724
913,2,2024-08-03,Y341,0,106,192,1551
914,1,2024-08-04,Y341,1,127,183,943
915,1,2024-08-05,Y983,0,16,151,248
916,3,2024-08-06,T980,0,56,165,343
917,3,2024-08-07,T609,0,46,188,496
918,2,2024-08-08,U092,0,89,230,1127
919,3,2024-08-09,U834,0,39,204,310
920,3,2024-08-10,Y092,1,41,193,310
921,2,2024-08-11,U466,0,41,187,200
922,3,2024-08-12,U546,0,11,189,249
923,1,2024-08-13,Y857,1,32,188,434
924,3,2024-08-14,T244,1,34,182,211
925,3,2024-08-15,U092,0,25,177,252
926,1,2024-08-16,U345,0,18,167,249
927,3,2024-08-17,Y341,1,18,161,371
928,3,2024-08-18,T980,0,37,169,371
929,1,2024-08-19,T980,1,10,201,49
930,2,2024-08-20,Y857,1,33,181,254
931,3,2024-08-21,U834,0,23,159,158
932,3,2024-08-22,T562,1,20,141,189
933,3,2024-08-23,Y099,0,28,157,174
934,1,2024-08-24,Y847,1,33,164,399
935,3,2024-08-25,U345,0,17,166,189
936,3,2024-08-26,U486,0,18,129,187
937,1,2024-08-27,U345,1,18,177,372
938,2,2024-08-28,Y857,1,9,163,177
939,2,2024-08-29,U546,0,17,160,230
940,2,2024-08-30,T244,1,12,166,284
941,3,2024-08-31,U533,1,17,171,248
942,3,2024-09-01,U834,0,24,191,187
943,2,2024-09-02,Y857,0,24,183,117
944,1,2024-09-03,Y092,1,16,167,128
945,3,2024-09-04,T999,0,21,182,227
946,3,2024-09-05,Y784,1,17,178,220
947,3,2024-09-06,T095,1,19,185,195
948,3,2024-09-07,Y341,0,11,137,132
949,2,2024-09-08,T609,0,29,180,873
950,1,2024-09-09,T857,0,16,166,87
951,1,2024-09-10,U345,1,12,155,127
952,1,2024-09-11,T980,0,74,125,672
953,2,2024-09-12,T609,1,28,183,532
954,3,2024-09-13,T857,1,31,185,201
955,1,2024-09-14,T562,1,20,192,130
956,1,2024-09-15,T609,1,27,184,247
957,3,2024-09-16,T609,1,29,135,343
958,2,2024-09-17,U345,0,28,165,186
959,2,2024-09-18,U486,1,16,153,188
960,2,2024-09-19,Y983,0,34,173,306
961,3,2024-09-20,Y674,1,34,178,454
962,1,2024-09-21,U092,1,16,172,186
963,1,2024-09-22,T367,1,44,177,368
964,3,2024-09-23,T999,1,8,160,44
965,3,2024-09-24,U466,1,24,178,199
966,1,2024-09-25,U109,1,46,179,560
967,1,2024-09-26,Y341,1,33,177,325
968,1,2024-09-27,T562,1,49,191,412
969,2,2024-09-28,T999,0,26,169,233
970,1,2024-09-29,T999,1,14,181,129
971,1,2024-09-30,Y983,0,4,199,14
972,3,2024-10-01,Y857,1,8,154,124
973,3,2024-10-02,U789,1,3,288,31
974,1,2024-10-03,U092,1,33,156,511
975,1,2024-10-04,T980,0,20,155,146
976,3,2024-10-05,Y983,0,28,181,310
977,3,2024-10-06,U834,0,24,188,154
978,2,2024-10-07,Y092,0,12,168,63
979,3,2024-10-08,U345,0,32,178,268
980,2,2024-10-09,Y847,0,30,174,263
981,2,2024-10-10,T980,1,18,173,168
982,3,2024-10-11,T999,1,36,192,312
983,3,2024-10-12,U546,0,10,163,152
984,2,2024-10-13,T609,1,21,162,197
985,1,2024-10-14,T244,0,25,123,127
986,1,2024-10-15,U109,1,29,181,266
987,1,2024-10-16,Y847,1,35,178,319
988,1,2024-10-17,Y674,1,33,159,321
989,3,2024-10-18,U345,0,29,168,305
990,3,2024-10-19,T244,1,34,189,186
991,2,2024-10-20,T244,1,36,171,353
992,3,2024-10-21,Y341,1,47,188,172
993,2,2024-10-22,T609,1,38,177,248
994,2,2024-10-23,U109,0,33,164,558
995,3,2024-10-24,Y099,0,41,176,343
996,1,2024-10-25,U533,1,28,169,207
997,2,2024-10-26,U533,0,28,159,184
998,3,2024-10-27,U533,0,29,174,395
999,1,2024-10-28,Y847,0,17,181,78
1000,1,2024-10-29,U345,0,21,178,400
1001,3,2024-10-30,U486,1,8,159,62
1002,1,2024-10-31,T609,0,18,153,173
1003,1,2024-11-01,Y983,0,33,177,275
1004,3,2024-11-02,T095,1,30,172,310
1005,1,2024-11-03,T609,0,32,165,372
1006,2,2024-11-04,T857,0,16,91,186
1007,3,2024-11-05,Y857,1,28,176,196
1008,2,2024-11-06,Y983,0,21,160,203
1009,3,2024-11-07,U092,1,19,154,127
1010,1,2024-11-08,Y674,1,50,184,361
1011,2,2024-11-09,U466,0,33,172,310
1012,1,2024-11-10,Y099,1,15,223,92
1013,1,2024-11-11,U486,1,3,176,6
1014,2,2024-11-12,U789,1,22,156,195
1015,3,2024-11-13,U466,0,22,171,310
1016,1,2024-11-14,T367,0,29,167,251
1017,2,2024-11-15,Y674,0,37,167,257
1018,3,2024-11-16,T244,0,31,170,346
1019,1,2024-11-17,U834,0,29,138,310
1020,1,2024-11-18,T980,0,9,148,65
1021,1,2024-11-19,U466,1,19,150,151
1022,1,2024-11-20,U345,0,16,140,186
1023,3,2024-11-21,U789,1,39,128,478
1024,1,2024-11-22,T609,0,40,172,373
1025,2,2024-11-23,U789,0,17,166,164
1026,2,2024-11-24,U834,1,13,157,310
1027,2,2024-11-25,Y092,0,20,125,223
1028,2,2024-11-26,U486,0,29,166,186
1029,2,2024-11-27,T095,1,36,175,237
1030,3,2024-11-28,U789,0,27,169,208
1031,3,2024-11-29,U345,0,23,167,292
1032,2,2024-11-30,Y983,0,22,154,488
1033,3,2024-12-01,T999,1,13,152,310
1034,1,2024-12-02,U466,1,18,130,231
1035,2,2024-12-03,U486,0,26,198,188
1036,1,2024-12-04,U834,0,23,149,419
1037,3,2024-12-05,T609,1,20,164,318
1038,3,2024-12-06,Y674,0,14,136,224
1039,1,2024-12-07,U533,0,18,163,372
1040,3,2024-12-08,T857,0,10,177,208
1041,2,2024-12-09,Y983,1,46,127,155
1042,1,2024-12-10,U533,1,23,148,172
1043,1,2024-12-11,U546,0,15,166,181
1044,2,2024-12-12,U789,0,22,162,324
1045,3,2024-12-13,U533,1,21,180,287
1046,1,2024-12-14,U834,0,10,120,123
1047,2,2024-12-15,Y674,1,20,161,216
1048,2,2024-12-16,T999,1,34,143,378
1049,1,2024-12-17,Y857,1,35,176,195
1050,3,2024-12-18,U533,0,28,167,228
1051,1,2024-12-19,Y099,0,11,171,123
1052,3,2024-12-20,U533,0,19,164,499
1053,3,2024-12-21,U546,1,19,155,436
1054,2,2024-12-22,T999,1,9,165,65
1055,3,2024-12-23,Y092,0,27,148,124
1056,2,2024-12-24,T095,0,12,168,131
1057,2,2024-12-25,Y099,0,21,168,127
1058,3,2024-12-26,T999,0,17,147,248
1059,1,2024-12-27,U486,1,38,159,248
1060,3,2024-12-28,Y784,1,33,174,298
1061,1,2024-12-29,U533,1,25,152,142
1062,1,2024-12-30,U466,1,44,211,277
1063,3,2024-12-31,Y674,1,16,155,374
1064,1,2025-01-01,T609,0,9,171,121
1065,3,2025-01-02,Y092,0,24,160,114
1066,3,2025-01-03,Y784,1,27,159,123
1067,2,2025-01-04,U486,0,24,177,174
1068,3,2025-01-05,U092,0,60,182,300
1069,1,2025-01-06,U345,0,48,176,233
1070,3,2025-01-07,Y983,0,27,161,580
1071,2,2025-01-08,T367,0,19,179,164
1072,1,2025-01-09,T999,1,30,195,385
1073,1,2025-01-10,U345,1,27,176,232
1074,3,2025-01-11,Y092,1,29,136,261
1075,2,2025-01-12,T857,0,12,100,106
1076,1,2025-01-13,T095,0,10,100,131
1077,2,2025-01-14,U109,1,23,96,184
1078,2,2025-01-15,Y674,0,21,199,392
1079,1,2025-01-16,Y847,0,13,200,243
1080,3,2025-01-17,U486,1,14,208,199
1081,2,2025-01-18,U533,0,10,183,348
1082,2,2025-01-19,Y784,0,16,187,323
1083,3,2025-01-20,Y092,1,21,221,192
1084,3,2025-01-21,U466,0,21,115,226
1085,1,2025-01-22,U533,0,13,185,116
1086,1,2025-01-23,U789,1,16,184,229
1087,3,2025-01-24,Y099,1,12,186,269
1088,2,2025-01-25,U546,1,12,194,173
1089,3,2025-01-26,U533,0,22,179,186
1090,1,2025-01-27,T857,0,13,183,89
1091,3,2025-01-28,Y099,0,13,182,117
1092,3,2025-01-29,T095,1,14,194,222
1093,1,2025-01-30,Y857,1,11,181,116
1094,3,2025-01-31,Y099,0,5,179,73
1095,2,2025-02-01,Y847,1,11,176,174
1096,1,2025-02-02,Y847,1,19,184,186
1097,1,2025-02-03,U486,1,11,177,58
1098,2,2025-02-04,T095,1,11,182,201
1099,2,2025-02-05,T999,1,11,171,145
1100,1,2025-02-06,U486,1,11,156,218
1101,1,2025-02-07,Y857,0,7,183,60
1102,2,2025-02-08,U345,1,8,186,72
1103,1,2025-02-09,Y847,1,17,189,174
1104,1,2025-02-10,U533,1,5,165,116
1105,2,2025-02-11,Y674,1,11,162,118
1106,1,2025-02-12,Y674,1,28,151,148
1107,1,2025-02-13,Y857,0,27,146,401
1108,3,2025-02-14,T244,1,13,170,174
1109,3,2025-02-15,U092,0,21,176,179
1110,1,2025-02-16,U345,1,28,169,178
1111,2,2025-02-17,T857,0,24,175,128
1112,3,2025-02-18,Y847,0,21,169,210
1113,3,2025-02-19,T095,1,9,163,130
1114,3,2025-02-20,T999,1,17,178,214
1115,3,2025-02-21,Y674,0,22,190,492
1116,1,2025-02-22,U109,1,14,180,232
1117,2,2025-02-23,Y092,0,12,157,105
1118,2,2025-02-24,Y092,1,13,135,68
1119,1,2025-02-25,T857,0,9,181,102
1120,2,2025-02-26,T367,1,10,128,116
1121,2,2025-02-27,U092,0,7,164,116
1122,2,2025-02-28,Y341,1,14,179,175
1123,3,2025-03-01,U466,1,6,162,115
1124,1,2025-03-02,T562,0,12,177,96
1125,2,2025-03-03,Y857,0,12,187,94
1126,1,2025-03-04,Y857,0,7,166,84
1127,1,2025-03-05,Y847,1,26,160,211
1128,2,2025-03-06,U345,0,6,124,232
1129,2,2025-03-07,U546,1,5,133,65
1130,3,2025-03-08,U486,1,19,135,290
1131,3,2025-03-09,U834,1,15,160,117
1132,3,2025-03-10,Y674,1,18,181,128
1133,1,2025-03-11,U466,1,19,163,273
1134,1,2025-03-12,T609,0,13,162,208
1135,3,2025-03-13,T367,1,10,149,102
1136,1,2025-03-14,U486,0,10,161,174
1137,3,2025-03-15,T562,1,3,161,115
1138,2,2025-03-16,U533,0,19,147,464
1139,1,2025-03-17,T609,1,8,120,46
1140,3,2025-03-18,U789,0,13,155,174
1141,2,2025-03-19,T857,0,15,180,210
1142,2,2025-03-20,Y784,0,13,175,118
1143,1,2025-03-21,T999,0,7,171,100
1144,3,2025-03-22,Y674,1,23,175,154
1145,2,2025-03-23,Y092,0,24,163,304
1146,1,2025-03-24,U546,0,5,166,51
1147,2,2025-03-25,T609,1,11,172,156
1148,2,2025-03-26,Y857,0,14,174,221
1149,2,2025-03-27,Y784,0,5,168,64
1150,3,2025-03-28,U092,1,10,153,204
1151,3,2025-03-29,Y341,0,11,170,109
1152,2,2025-03-30,U109,0,13,167,224
1153,1,2025-03-31,Y092,1,9,153,232
1154,3,2025-04-01,T367,0,19,186,174
1155,2,2025-04-02,U092,0,6,185,109
1156,1,2025-04-03,U466,1,5,175,196
1157,3,2025-04-04,T857,0,9,166,218
1158,3,2025-04-05,U345,0,26,196,164
1159,2,2025-04-06,Y341,1,27,184,284
1160,2,2025-04-07,T609,1,6,163,70
1161,3,2025-04-08,T857,1,12,172,120
1162,3,2025-04-09,U486,1,8,163,154
1163,2,2025-04-10,Y099,1,7,173,228
1164,3,2025-04-11,Y857,1,8,163,214
1165,1,2025-04-12,T244,1,6,164,103
1166,3,2025-04-13,T095,1,9,156,119
1167,2,2025-04-14,U092,0,9,147,93
1168,2,2025-04-15,U546,1,9,158,174
1169,1,2025-04-16,Y674,0,10,158,302
1170,1,2025-04-17,T857,1,4,156,173
1171,3,2025-04-18,U789,0,8,161,211
1172,1,2025-04-19,Y099,1,18,172,217
1173,3,2025-04-20,T999,1,10,149,232
1174,2,2025-04-21,Y341,0,4,162,29
1175,1,2025-04-22,T244,0,3,166,3
1176,3,2025-04-23,Y784,0,5,172,58
1177,1,2025-04-24,U486,1,3,161,3
1178,3,2025-04-25,Y784,1,5,144,290
1179,3,2025-04-26,T562,1,5,187,61
1180,1,2025-04-27,U486,0,3,144,58
1181,3,2025-04-28,U789,1,6,140,61
1182,3,2025-04-29,T857,0,16,163,126
1183,2,2025-04-30,U789,0,13,147,278
1184,2,2025-05-01,Y092,1,3,173,58
1185,1,2025-05-02,Y784,1,12,144,170
1186,3,2025-05-03,U345,0,12,166,269
1187,1,2025-05-04,U546,0,4,156,21
1188,3,2025-05-05,Y092,1,33,159,93
1189,3,2025-05-06,U533,1,12,167,89
1190,2,2025-05-07,T244,0,5,162,58
1191,1,2025-05-08,T095,1,4,148,62
1192,3,2025-05-09,Y983,0,12,163,175
1193,1,2025-05-10,Y847,0,10,168,187
1194,3,2025-05-11,U486,0,41,159,320
1195,2,2025-05-12,T562,0,18,190,235
1196,2,2025-05-13,U546,0,25,155,290
1197,1,2025-05-14,Y857,1,7,155,175
1198,1,2025-05-15,T367,1,8,176,114
1199,1,2025-05-16,U834,1,11,160,174
1200,3,2025-05-17,T562,1,13,163,126
1201,1,2025-05-18,Y099,1,11,180,154
1202,1,2025-05-19,Y099,1,6,118,59
1203,1,2025-05-20,T095,1,10,160,104
1204,2,2025-05-21,T857,0,8,155,107
1205,2,2025-05-22,Y099,1,3,166,58
1206,3,2025-05-23,U092,0,5,168,69
1207,1,2025-05-24,U466,0,14,164,149
1208,1,2025-05-25,U466,1,7,111,116
1209,2,2025-05-26,T562,0,13,189,107
1210,3,2025-05-27,T562,1,21,171,253
1211,1,2025-05-28,Y857,0,15,181,129
1212,2,2025-05-29,T857,0,17,158,119
1213,1,2025-05-30,Y983,1,21,166,165
1214,2,2025-05-31,U533,0,10,195,80
1215,3,2025-06-01,Y341,1,13,169,121
1216,1,2025-06-02,T999,1,12,194,108
1217,3,2025-06-03,Y857,1,7,167,61
1218,2,2025-06-04,T609,1,12,171,94
1219,3,2025-06-05,U789,1,11,181,119
1220,1,2025-06-06,T562,1,17,171,100
1221,2,2025-06-07,U345,0,6,186,174
1222,2,2025-06-08,U546,0,4,155,55
1223,3,2025-06-09,Y341,1,14,222,97
1224,1,2025-06-10,U466,0,17,176,138
1225,1,2025-06-11,Y847,0,13,173,116
1226,3,2025-06-12,Y341,1,8,158,130
1227,2,2025-06-13,T562,1,13,153,116
1228,2,2025-06-14,Y784,0,8,169,153
1229,3,2025-06-15,T980,1,4,206,57
1230,3,2025-06-16,T367,0,3,164,46
1231,2,2025-06-17,Y847,1,8,158,514
1232,2,2025-06-18,U466,1,4,160,58
1233,2,2025-06-19,Y857,1,9,167,106
1234,3,2025-06-20,T562,0,8,162,103
1235,3,2025-06-21,T244,1,4,159,48
1236,3,2025-06-22,Y092,1,6,159,61
1237,2,2025-06-23,T562,0,3,147,3
1238,3,2025-06-24,T857,0,14,157,156
1239,2,2025-06-25,T244,1,16,150,176
1240,3,2025-06-26,U092,0,12,162,170
1241,3,2025-06-27,U092,0,14,171,354
1242,2,2025-06-28,U834,0,15,166,174
1243,3,2025-06-29,T095,0,16,169,208
1244,1,2025-06-30,T609,0,10,182,62
1245,2,2025-07-01,T857,0,10,157,217
1246,3,2025-07-02,T609,1,11,167,112
1247,2,2025-07-03,U486,1,7,170,116
1248,2,2025-07-04,U345,1,10,171,105
1249,2,2025-07-05,T562,1,12,202,232
1250,1,2025-07-06,T857,1,16,196,162
1251,3,2025-07-07,T980,0,3,132,58
